sample_id,System_A,System_B,System_C,System_D,System_E
GSM1602801,1766.2118164425028,1660.1475974036648,784.7879222970405,895.6735395276246,533.9932851602798
GSM1602802,1761.409683446128,1552.0469500464533,923.217805610092,852.4952760579972,663.8808141619738
GSM1602803,1719.2761291077068,1538.222869750769,875.2426318404514,772.3769609939118,599.3634771386014
GSM1602804,1673.9919458476852,1614.2792177179535,774.6321099373017,751.7784192575855,663.1666502483004
GSM1602805,1672.7848950554971,1603.4938345887986,802.4035323148892,861.6032621897111,652.8518439021027
GSM1602806,1738.5833341693042,1674.8711125588106,833.0464149197587,928.791324404864,701.6581968703176
GSM1602807,1681.227828242847,1702.0209331877031,733.6958866135128,893.1425093053622,679.1500058023848
GSM1602808,1674.6318338290612,1531.684745519925,816.0002900283253,751.0086474189475,596.0640923797337
GSM1602809,1589.6461378131771,1517.3603613332516,746.6557183477898,593.9027389144921,715.3794582645332
GSM1602810,1663.1674888320458,1577.4337949799528,801.418734514622,679.5015103523338,723.4822053891066
GSM1602811,1693.2595058985098,1660.0952986864067,791.7440504616252,896.9950245753134,565.1109543502171
GSM1602812,1729.940449238402,1501.331203688309,971.81255149115,829.7485782450412,700.6124284717343
GSM1602813,1785.2350875197135,1395.0293454309212,1132.9730809170496,842.2405674828005,588.0418695214157
GSM1602814,1746.475320642573,1624.926018351678,757.4151916612782,915.7942167014216,580.3117073586218
GSM1602815,1705.8174072316233,1470.7036036981335,1060.7376313242594,810.3078790494656,1031.2357121286575
GSM1602816,1786.7637300689105,1596.4150326187546,927.1314846975512,911.3547153099043,497.2072113690037
GSM1602817,1767.250867834633,1510.1702503974857,837.8278068192676,852.4057574158842,609.7136541484997
GSM1602818,1824.474221969568,1418.4671591977185,976.074464604936,946.6081906046064,567.6999054348271
GSM1602819,1731.8846215109925,1487.441973138937,905.0355658460594,880.064177592255,602.6294965051984
GSM1602820,1806.5883228064856,1599.489412138022,982.703359977074,937.4425677265826,514.2294987310588
GSM1602821,1833.6178512914748,1568.048091861845,1028.3629584187029,923.1660731304046,672.7861928949251
GSM1602822,1588.286533531358,1461.7987923489754,765.8972563154566,639.2092908244294,708.1859087191133
GSM1602823,1744.8960354985793,1523.197963058331,1129.1196797234352,882.4673548282562,602.8874799284295
GSM1602824,1649.9375228225151,1436.674255675879,710.7311282031133,770.0722801380352,667.6081211209184
GSM1602825,1669.999217755555,1546.5191954092234,976.0792810049306,795.4517804938223,807.9219483146344
GSM1602826,1774.739473598638,1641.321997698759,904.7316116161492,963.8244449757984,463.8749734195553
GSM1602827,1724.9043056678556,1573.909164726424,884.9799701379607,867.5217712216208,632.0773322554451
GSM1602828,1677.5929505166414,1655.4113912614212,831.2933936158361,862.6644500897182,591.5142064305137
GSM1602829,1723.4394325020403,1508.7157931047568,823.9579017261331,844.9069129177951,622.7679604150308
GSM1602830,1721.0760535719592,1501.7363817864134,877.5360646371037,797.4499106040885,623.3641042330873
GSM1602831,1699.8182009587108,1556.5731097464268,919.7857202768372,867.0072104801257,624.0425136610056
GSM1602832,1703.9084665214896,1647.549722589476,713.1396202568321,844.1111255015321,663.8307875877708
GSM1602833,1823.9834110390336,1352.9223086183674,1006.2536354147514,861.8019374417245,435.38245644779454
GSM1602834,1793.2443023024025,1602.0398810717306,934.965032820146,1000.4179728784192,512.9129767324657
GSM1602835,1627.6611364766868,1670.5644126571424,884.8825910407713,765.5825651054602,549.6260285749177
GSM1602836,1691.070039641575,1624.8602172326491,796.7433115580761,718.5507154939542,705.363473328508
GSM1602837,1754.2935008682823,1629.8966488046954,861.3890591673062,849.2488680194001,599.5045947562494
GSM1602838,1731.5756555605767,1632.5724141531564,765.5451663467193,860.5975865418568,504.8572735696489
GSM1602839,1725.06192589075,1482.7028694021255,954.5289462213796,770.2329957665652,861.0824944953165
GSM1602840,1617.9730977640063,1583.9782233971946,742.0303703567861,742.8442045765005,786.3322571686012
GSM1602841,1730.7402680318582,1593.0013614539412,767.8973952445931,846.8156280700259,548.8586267644132
GSM1602842,1665.1880293731992,1524.916985302636,975.876720919855,784.1566939476506,839.4051509778246
GSM1602843,1726.6838710865925,1609.376385110434,880.519439623702,830.7671925803916,639.4944286923064
GSM1602844,1764.7799921859705,1355.681233842508,1005.8632532697466,760.0789385419239,655.4683910623089
GSM1602845,1760.107106624866,1477.2136360039758,869.2737815205737,962.1999808329474,388.19576393461193
GSM1602846,1671.3805672577528,1632.389622978917,837.7714536174826,768.3757405838678,541.0905057238215
GSM1602847,1699.192691188996,1604.6196702683965,919.7960697401058,819.2727641665051,821.4151315853151
GSM1602848,1789.210176664813,1587.735514193629,775.8048951861947,1019.9338599284074,551.6916460220064
GSM1602849,1728.2190836668433,1745.5114598212822,876.2362854819694,853.6700700691199,635.4428107067724
GSM1602850,1756.9510979453107,1545.9742940173574,895.2570376382237,921.210989907303,504.516652367347
GSM1602851,1723.3728002254056,1584.9529988140985,726.824246881315,903.504830129148,259.0438430724471
GSM1602852,1660.1191491684503,1524.6250568715895,893.8712406750446,802.8126167740938,1040.328151086088
GSM1602853,1807.718961567032,1637.9044817769054,926.7397467493412,956.6758099573926,638.854377546757
GSM1602854,1724.5061900899027,1577.838858896013,714.7589016660795,880.3331202203008,622.7655366132631
GSM1602855,1754.1914101072653,1465.8018819444933,1018.1508914477854,712.6654378715302,761.6387031529903
GSM1602856,1773.6585500444744,1691.9376504298334,882.6557709775725,931.768018946962,576.6065181674121
GSM1602857,1703.3842456453176,1590.7406191540567,815.2668312286014,1077.1545908100006,399.6576332228651
GSM1602858,1850.1078377638923,1611.8397671491248,919.7075831265038,960.2648326902064,530.6641134603669
GSM1602859,1811.109248269448,1600.5473776726512,1097.0963632535097,840.3296562108526,851.7484311378867
GSM1602860,1795.8476626213533,1631.537770707081,776.2377376681416,1027.4913241336071,476.7751893133436
GSM1602861,1769.6042640734686,1477.947698283402,959.7135850323702,837.285536448735,605.1808160049914
GSM1602862,1603.6457548657409,1570.267799771911,785.2877352709957,677.4685470898667,750.3038135474917
GSM1602863,1734.310917338391,1650.9516541886542,934.9380462569424,894.8027170217665,646.8740695877414
GSM1602864,1591.6360660378575,1567.5406223048622,771.3078367545486,641.4423574568773,797.2496907208142
GSM1602865,1711.647093564995,1546.6680673864785,768.7131724080737,838.7156160953919,618.7172161924791
GSM1602866,1661.83321756255,1672.6531963739162,715.0269172054295,782.885923514933,526.4745985029576
GSM1602867,1723.7632939852692,1610.042084088358,750.3598275344257,928.2923774156944,603.0227643259786
GSM1602868,1721.0195147334352,1635.5976655331824,898.1704517637681,787.2833329034329,608.2594646618209
GSM1602869,1844.5497167727108,1483.9411506699123,1084.0254021464189,980.7793276578968,602.237346189233
GSM1602870,1648.298607631279,1662.5575334842142,793.0452250620347,705.3203881270329,785.3279052323687
GSM1602871,1675.3528418560209,1632.176347278083,764.6132911523327,731.5154215594921,700.5691847155322
GSM1602872,1672.4823031558326,1625.784911111724,800.4419748346136,754.1865981552,655.6660794530717
GSM1602873,1770.881598968365,1512.5618278213988,865.4171349289909,989.9816931387268,422.2820457079788
GSM1602874,1614.3930937976093,1622.434683633639,726.0493970824982,752.8453284803718,764.2670847523459
GSM1602875,1584.7248176165776,1576.2835528524347,762.627631467929,658.2632472448067,789.8089418328473
GSM1602876,1604.9075238121522,1609.0787655647682,769.7452189012301,717.0305555749273,682.8605088589829
GSM1602877,1747.792644646107,1618.5185364622175,782.3213870112404,864.6482578317255,718.9399691771259
GSM1602878,1850.5738185130367,1657.7207536988108,846.8890814267306,1000.077509097102,463.69150417903984
GSM1602879,1679.8009041800387,1534.861197206567,831.7313412123385,978.8113963050192,260.7474355377317
GSM1602880,1684.0251631402543,1407.606330961481,888.6425395834995,833.4532292615977,370.1546860189847
GSM1602881,1700.5728215364215,1634.91942254866,814.6014322489345,885.63851059646,567.8141107607089
GSM1602882,1797.2460356090496,1553.6619780460887,921.050595777062,882.8740629693293,665.8116713578702
GSM1602883,1767.749690111641,1599.3317499435816,900.6988756573346,855.8045162361004,746.5526712265073
GSM1602884,1641.54338726246,1618.8509258185077,758.2711032022298,690.6319581382322,710.8183243830617
GSM1602885,1796.1920189682623,1494.4664694177154,908.6414710926584,913.4064549612384,633.3081134039885
GSM1602886,1797.5541538354792,1667.51008069428,938.09740496817,964.7222081032704,419.3499632077337
GSM1602887,1755.3079905090244,1628.4330282837773,858.7162460128175,970.8489251806412,494.41339554188016
GSM1602888,1696.0391398888987,1653.6335146933025,755.6338703336287,849.3190322081427,611.73151647135
GSM1602889,1701.4097914588392,1499.8026813584493,953.9539908262296,785.9835509928262,617.6761829426041
GSM1602890,1726.5049753737549,1562.5174124400855,909.6204553198996,840.6938686798394,747.8146769397526
GSM1602891,1650.9267296908238,1598.0324038300432,759.2220842868583,751.854576570252,656.294321904481
GSM1602892,1719.283231674839,1542.7181765009109,783.2447234867468,759.3337371753314,583.2792297296492
GSM1602893,1716.379306762435,1591.57931299774,787.1754737762421,776.2532363038827,621.4276491332585
GSM1602894,1567.0338192829531,1609.8708929677578,691.8497068248907,666.451155712065,778.5581985800527
GSM1602895,1640.6817747612422,1502.43966680641,823.1410298314313,633.306562346148,635.5531556235092
GSM1602896,1567.3220333112668,1577.0417218632138,801.5463090429503,662.6315287852831,731.0123274401067
GSM1602897,1593.787950999419,1620.5544724026097,684.5317168378888,704.4794622968257,792.9865034148752
GSM1602898,1687.9889685081653,1702.7495239599757,788.0320499458921,849.8382508700397,643.7978899199634
GSM1602899,1620.796422542,1643.35327989492,757.9624278480651,753.9026467853218,751.1719351098554
GSM1602900,1619.0682104688149,1597.483507604673,696.7879582421983,695.908566313341,730.6577510836278
GSM1602901,1665.4523333871612,1634.224857302975,760.3997134625351,780.0465675314726,725.7508387514481
GSM1602902,1807.3383116833747,1472.3371563050378,932.491440873825,854.2357169565794,643.4170280337285
GSM1602903,1836.736967518843,1537.0854102081548,1022.9540462065944,900.6659327542975,860.2607987964848
GSM1602904,1736.4902768464517,1649.3447238737235,832.8021832544473,828.585352445054,534.6186429418976
GSM1602905,1682.550292528229,1613.6798851177564,807.4219104471858,797.6357154000243,591.7717071524494
GSM1602906,1650.5257600700843,1567.8150188616528,736.8438968657192,794.828713879856,607.2026116561165
GSM1602907,1768.4138807588397,1775.4395352466045,836.5095027365251,959.2376660492156,671.5320101305651
GSM1602908,1800.3977768021268,1395.349407292807,1116.8211019215778,817.9426216419506,1027.8423777788985
GSM1602909,1605.9783031047157,1600.070584514574,788.768310839786,671.7099220453583,703.9729046454313
GSM1602910,1643.1394574320248,1574.77816915504,838.6403899330944,768.2869161495446,516.6182747229032
GSM1602911,1683.7650218764447,1644.3622750280683,801.2169601982996,786.7826361640546,651.1527468292497
GSM1602912,1790.6438202940826,1569.6087886371151,853.2628135089817,1017.786388226089,562.762661048012
GSM1602913,1590.5902738584246,1596.6968707348306,766.4363906052486,644.1542023932807,716.8127802504541
GSM1602914,1660.787861941226,1669.6989776439575,786.2485210034774,800.4152588820571,653.2024909701558
GSM1602915,1638.6602310407852,1647.3068233974827,758.6401853659818,758.3417378338427,737.445733681102
GSM1602916,1688.1911330457924,1637.299212824896,774.080972654353,790.9859545007494,716.799433717646
GSM1602917,1709.7559811329102,1672.4998794706453,739.3070972577298,862.5432602382498,684.8244609147932
GSM1602918,1715.8564736982307,1590.2236966396697,831.4256215234382,800.8985546330287,559.1909445692208
GSM1602919,1669.821674606031,1529.7547528484738,721.5935304189761,765.9852508220365,631.3713141516337
GSM1602920,1674.8673721446066,1621.4264830772345,767.9425955555698,790.4320023422915,792.0918746938496
GSM1602921,1688.071803753347,1641.298356125102,798.4992208545473,846.1817339282397,518.6354426024982
GSM1602922,1717.89441336654,1567.206187170409,729.053142515173,924.8961490438352,605.8303360360796
GSM1602923,1714.5690702264735,1259.8353581672454,1316.35180432406,691.5300504015131,1527.2958936719417
GSM1602924,1670.5670469517536,1393.4305592595556,970.6882267515766,737.6340552592719,729.9947398263121
GSM1602925,1770.9425510178537,1636.0224065890989,766.1159203958714,929.4312235254384,531.9561266650499
GSM1602926,1767.138352007284,1531.0138549175108,813.7694733612634,895.6352594687796,558.9848721160915
GSM1602927,1733.1609895949805,1666.7404260916956,820.4118148336902,878.5167845469123,534.7540608877298
GSM1602928,1637.114757819103,1501.9426591093452,785.7742331024792,766.8568478105408,585.8369267842954
GSM1602929,1819.3775414554048,1621.99947686808,913.5022268046888,970.059398945382,482.2803943125045
GSM1602930,1690.211926984114,1653.1220793823632,806.9787437545256,837.345701452261,537.6955548234455
GSM1602931,1704.0054346842835,1531.9641053464256,840.3980215449101,844.289540264831,483.5380832785613
GSM1602932,1719.8410491888608,1443.9811259966827,970.2273846684166,788.083207940349,753.5157832934856
GSM1602933,1815.9168126469976,1443.8461248754193,1028.696516740365,798.6007523131284,643.7471768943451
GSM1602934,1804.881525686541,1608.8538547043408,937.0505635861456,844.9827197722943,590.622368596968
GSM1602935,1782.8662342357702,1542.4797779156545,922.5711881340712,1034.3824819403508,436.5300846467635
GSM1602936,1698.8644420616438,1486.9150903822574,914.579257286936,763.2666265503167,784.8001767462556
GSM1602937,1717.2469482549022,1668.3166410176143,784.3041735610632,902.3211940976272,548.4304602137736
GSM1602938,1777.7945197350728,1621.635572849333,889.4792964201451,926.0442798549992,638.2742206145367
GSM1602939,1775.512533614411,1587.1104887375031,815.8048443826701,1041.8596888437414,353.0910582571396
GSM1602940,1779.5403805018375,1594.002674753443,811.804719198065,1037.4659071695642,488.6889295246901
GSM1602941,1687.5662164748164,1601.006874844481,787.175317225443,737.5689387814109,731.2466121173447
GSM1602942,1763.8752086626982,1637.0953630883514,833.2657773346409,879.7265970494364,584.6123167042424
GSM1602943,1688.158740296131,1612.0105571295971,790.4263060939347,821.6214022564518,623.8362226235531
GSM1602944,1717.7566259640726,1577.8145948280426,818.212870456171,966.0246955988432,273.9078804360306
GSM1602945,1717.5269789378708,1645.3958975513715,805.0636585326238,858.5545283200345,545.402696082152
GSM1602946,1703.1576967696983,1535.631608060864,824.4238236683686,869.2581124676872,602.6990096453555
GSM1602947,1773.4211921802907,1596.2651204809144,932.0309847441486,917.5822170815064,742.215286650372
GSM1602948,1542.702523388114,1459.265536368087,705.6074374416021,524.5774217230137,692.6333371595383
GSM1602949,1725.96734182839,1585.7803059075122,845.4667972538327,810.2528545268042,648.7644354462309
GSM1602950,1712.970500079182,1696.9564424168184,729.8806657701298,899.0110496589496,543.832234017209
GSM1602951,1702.9828542967598,1502.662320506778,890.8057118257802,777.429613682054,632.3016594363035
GSM1602952,1691.0052363882533,1603.4942158572303,824.8913222444298,829.494313635284,532.5492940074218
GSM1602953,1741.4314648857353,1350.697903904147,909.3083311653736,825.3243948526933,584.0785595280604
GSM1602954,1580.5726927461665,1545.701074251012,817.3855139217558,641.451459590623,654.5898384651882
GSM1602955,1750.9242371377677,1652.9533728854549,790.538681726377,902.600066347426,482.4495152174232
GSM1602956,1583.690004544158,1584.773998356109,849.6279230877981,649.8045720370355,853.9420990535891
GSM1602957,1665.615894110034,1567.5783482980096,776.187268096668,697.8328858772093,675.7404812037803
GSM1602958,1723.7300468373396,1420.8428825218907,830.1301200687385,717.8398201129312,661.1278330783834
GSM1602959,1806.5996360329937,1578.9487249887543,870.6563792932666,833.169682055327,626.0571580731003
GSM1602960,1596.6513274407523,1612.0926063893876,735.1659665398756,679.8772165794371,778.8476626446236
GSM1602961,1651.8762860292954,1646.3602700183085,745.3608841334881,765.8221667336347,752.8788680001016
GSM1602962,1608.8908170675577,1553.182467706286,780.5569854784053,654.4706274740602,733.5491925402675
GSM1602963,1572.0320959195724,1565.981968914968,760.7963201699467,611.0779665800092,803.4576894721813
GSM1602964,1683.1826656501153,1650.524906051086,773.1965553801901,789.0045291582328,813.2486537498717
GSM1602965,1605.7479182604677,1623.7858996957366,656.9448025541296,730.4495967781804,760.1153737592622
GSM1602966,1633.9182485052506,1543.2347800098305,811.2919036836529,655.7510534127568,668.3233974588529
GSM1602967,1672.4214906810776,1684.156996196526,679.1203162902202,899.0866132659812,759.5327145546144
GSM1602968,1589.3966921059327,1390.7139388126116,729.9639380882782,596.936999052009,849.3651656297607
GSM1602969,1609.0991564813285,1603.4510672970573,786.9562871188491,727.6414755187707,801.6960202230257
GSM1602970,1641.595248689051,1580.7422560540126,777.5913223876623,938.7550836062655,638.7534616092844
GSM1602971,1668.4102656128143,1595.1777301289485,902.2958725159478,782.2419842295412,591.9255427588123
GSM1602972,1773.344929918021,1505.4456162848855,940.8711763412692,940.4242304938408,551.8022856281796
GSM1602973,1681.154248929099,1259.5676958834674,802.1818816431751,750.2058139139344,736.8660230659498
GSM1602974,1720.0064425096125,1377.3693393202177,933.2838430402144,988.6392399399074,322.4358905172694
GSM1602975,1786.6583500834222,1606.215796461639,995.8290382583972,849.1243319027271,833.8981198085248
GSM1602976,1728.3827956683435,1439.2829956525893,885.1372971387327,884.4322985904473,557.3061498218867
GSM1691861,1754.3495735612842,1461.777532561271,970.4454266575632,895.4955501825016,634.9917155263347
GSM1691862,1756.1301950275165,1610.1235671291845,814.5235799417369,870.9491754936253,587.2291997023858
GSM1691863,1808.0392343416825,1631.2120735930391,927.2948120477148,984.835709206809,629.3918300596488
GSM1691864,1790.1019693679282,1628.3456815069385,863.3185249246935,948.1974579115904,419.8630442711956
GSM1691865,1787.413825120403,1565.079297774958,812.4534975077895,917.7380435781924,528.4331664203046
GSM1691866,1776.3403241933593,1584.4370915667596,898.2529342379949,998.9333820597968,401.6399567139288
GSM1691867,1812.7758817204092,1551.5954980360002,896.5483182356847,969.09790501503,523.8358327368633
GSM1691868,1789.9720602505586,1576.4079252636584,806.5895083889382,963.7601743022032,509.6040796399548
GSM1691869,1753.4952804229115,1533.995274619455,883.3142755836543,1025.892175745037,440.2905140985022
GSM1691870,1727.136280202275,1578.5153917986308,812.5825331798032,926.9081491270572,508.7523234092832
GSM1691871,1818.131371073453,1601.4278547108934,927.3192740728872,997.0257108141486,433.8020898955092
GSM1691873,1745.8432110344902,1621.5823711989715,879.9518638020709,829.5684072607964,628.0225365547258
GSM1691874,1596.2115660972067,1706.5890547831375,662.3211425173913,967.3872040963324,595.2132955686229
GSM1691875,1730.359353793121,1582.1754897917351,811.0907516181232,848.677643397773,616.5015564773321
GSM1691876,1748.5558189812773,1570.9801340795102,920.2997096747886,874.6835007310947,535.1046167147879
GSM1691877,1811.3343161488228,1528.8120272611495,1021.8903892575554,922.713851882685,883.6856071943357
GSM1691878,1713.5430368881662,1685.853881817285,802.9233981926591,952.5873362905996,485.7979954651128
GSM1691879,1693.5424712061094,1594.9790426534837,778.2067561627255,827.6722843713696,648.2728535214601
GSM1691880,1846.932508590722,1598.917333432797,876.7380446331754,1013.1601741277344,610.6877815118869
GSM1691881,1735.669218740737,1603.006578960816,858.9189597964278,872.2432619273768,550.4263388715517
GSM1691882,1649.640602180326,1606.0536936136104,699.2963362912687,901.0745544098016,643.5503993258089
GSM1691883,1718.8674803574004,1679.2335031766895,851.4820140211732,793.4240573544866,695.1636493393698
GSM1691884,1774.4272164409483,1676.5811612959506,791.1172621692267,951.59275725922,628.7463852289884
GSM1691885,1748.6727840333506,1600.8707860293125,874.4370122682103,842.2362836159646,621.6849891332313
GSM1691886,1644.0002019128233,1528.47057464325,875.1658788787581,689.5193847123264,647.1744071320763
GSM1691887,1784.5706287319108,1594.919839705988,829.2118622445678,1021.8293461052062,508.8470924141775
GSM1691888,1753.9280867581638,1638.8679486837163,749.7318995533778,962.01195709911,581.3106463717213
GSM1691889,1824.1362574948444,1534.7826233390042,1032.270146212716,871.9208792627351,749.872147738628
GSM1691890,1676.1751432392357,1605.5437743693265,848.046910337307,718.516370292501,667.0052476198025
GSM1691891,1788.467499296522,1553.2012412266358,922.9871095628896,968.8431246858528,564.4344780283209
GSM1691892,1728.4444887481968,1595.987595039861,842.2974672108312,888.2910063633408,605.4440261484388
GSM1691893,1938.3294214396064,1508.380324945615,1055.1352808705724,1080.4305014762294,366.6054796131875
GSM1691894,1753.247690620091,1635.557761422535,774.7596003537938,1010.7788384381548,563.0776569972695
GSM1691895,1801.508690263216,1682.915158625251,884.8013108461118,967.779018817494,462.6072281929282
GSM1691896,1758.3128214922535,1523.796920840583,825.4352930888435,1021.6910964700156,456.3601752201876
GSM1691897,1788.8394540373902,1652.1812887248798,713.0068671593226,929.13607241088,419.5651171239761
GSM1691898,1867.1583583772035,1547.2849731193892,988.81426209234,941.4594928310462,937.7004262564204
GSM1691899,1774.4763329272882,1675.3087860712085,780.0722992055498,935.2417043442548,611.4347129932621
GSM1691900,1804.2832096449429,1662.4812544637834,750.734695247219,965.8421597391698,570.5078390080716
GSM1691901,1632.1297318425925,1492.278162528116,762.8469807135443,779.2854072604259,568.6283616647252
GSM1691902,1695.1508503409905,1615.6657213604294,763.6202127640763,786.0487052719618,589.6472941064458
GSM1691903,1729.8758307895068,1594.1604749446078,804.0830987244653,967.3939946446662,500.8435424723593
GSM1691904,1812.6336728970016,1603.903652850736,961.0914959325984,902.2296842378082,598.7169496302158
GSM1691905,1695.667804271453,1545.835056098349,923.7081603423094,740.8519747691553,748.9069182718276
GSM1691906,1709.8978994843856,1600.6176134116513,830.2527198760299,786.1538442540632,547.5683854700419
GSM1691907,1605.693305393621,1470.6498365146308,825.054401312108,603.1488572021317,582.5902629406937
GSM1691908,1733.8841543565668,1624.8711933988134,770.7898714066587,971.1597352281568,568.1736513931346
GSM1691909,1753.7277953106022,1561.8253241291604,1057.8205165153777,835.2736118287721,921.7954725044684
GSM1691910,1726.2827351876222,1572.7341728786168,756.3754249124058,868.2086814348368,528.9616188603077
GSM1691911,1734.2172391222775,1650.7699459812284,908.7393408332229,763.0077420689904,615.9086472798881
GSM1691912,1712.2772473373598,1546.4286083451834,849.118750656703,799.9506688827751,611.2640388212831
GSM1691913,1696.1995832246655,1574.443987317939,757.164441918474,737.0238751833294,708.9936993464371
GSM1691914,1799.406997513326,1626.060464944644,731.7109463683591,929.6670313665436,453.6688608771665
GSM1691915,1808.4560443818264,1613.363249183728,987.3397962787458,1001.4305984964612,357.7731937843628
GSM1691916,1708.7978905127848,1516.0539847113969,930.3059017529622,698.9700463914478,780.9598584306577
GSM1691917,1733.6436886735646,1486.795594465092,963.448741186502,890.4510293922431,524.8856219438494
GSM1691918,1776.844572911622,1517.4954751071964,969.2655532472818,852.6826269184721,688.8505628084495
GSM1691919,1727.3367414151137,1556.344015843354,893.8762485838934,818.8095318585192,656.841450361113
GSM1691920,1707.629054671026,1678.0023403215746,786.9163948762152,968.9885125407064,511.8335905451404
GSM1691921,1693.3436608053153,1511.10693861257,960.275929700546,754.2668815161733,806.816098700343
GSM1691922,1783.7227606085344,1600.702261109991,876.1067590886605,965.661201695868,500.0396479684832
GSM1691923,1647.86936029585,1573.4168139736994,790.2939275859499,678.6789240234602,690.8776717185956
GSM1691924,1751.5841812528952,1501.4143915536442,862.838247876396,913.1770569224728,491.3578771927696
GSM1691925,1753.5713675951529,1521.266250972919,860.5045631665234,815.8037109768102,662.1601270839983
GSM1691926,1751.7499595631334,1583.675527325771,831.1244154575088,849.0487574676827,568.1682949457745
GSM1691927,1794.9768133325388,1486.4512693628112,931.8101299854188,868.3038202519701,546.1037949897454
GSM1691928,1849.236986001455,1652.4635050690276,905.0420195141014,913.3619201520868,502.5574094620697
GSM1691929,1800.2572272343405,1616.5100147342691,867.2677412222511,1024.96769201002,490.40840177486734
GSM1691930,1766.5955059792625,1510.275463538177,818.6616281153301,977.6820418295548,491.1321100768264
GSM1691932,1776.0287526046422,1566.636174147773,854.6202739590581,988.2024808106862,506.8408392297733
GSM1691933,1727.1907971915523,1399.6586154825443,996.3211577228868,830.0465074240528,1100.2309550315422
GSM1691934,1768.6689919025291,1620.4837997196155,924.1823449848252,824.3042986757746,623.3225044109622
GSM1691935,1760.973939149426,1524.479164115599,780.554985940079,942.5934517229398,542.2793023020104
GSM1691936,1712.142758075321,1543.364847198913,811.5473968047472,833.9237204753163,426.6613406968436
GSM1691937,1723.5023104327192,1306.3481025338824,1091.7125686456393,785.5969016402314,1115.0018966205653
GSM1691938,1826.266578088232,1619.0389215122775,902.432917518945,953.7310677902178,593.4218955531514
GSM1691939,1718.0602590629196,1567.589494594141,859.1921187397193,821.4056313671044,542.8286898378628
GSM1691940,1716.639952077593,1579.9639548944524,837.6884383125953,901.7336889318012,588.0507362817416
GSM1691941,1782.5431194996909,1546.9190080882845,896.4140148740698,949.2178233448049,545.6908330084925
GSM1691942,1797.0409120486029,1480.038422716838,868.1409978729316,1094.4053325156538,357.3365960030087
GSM1691943,1751.2163665392854,1580.504936401259,889.5410279863727,999.4594757652868,538.1100310067404
GSM1691944,1753.9143789602722,1697.3145548224684,813.3533498058423,913.7149457256272,570.7130008191589
GSM1691945,1733.0844768824827,1666.6374682025123,800.0228177953813,887.9665480843523,503.6899012198619
GSM1691946,1829.3966006969597,1652.5084952934749,853.2531054898009,995.0568943525768,535.8750797150915
GSM1691947,1716.9066498078955,1629.7622475371063,963.1689748236404,900.2010087667095,513.4067797273228
GSM1691948,1701.517742473553,1686.2441100444612,730.5561204734868,834.5804221209573,625.7187375390185
GSM1691949,1724.5865464074177,1518.4342041704158,931.2847386413496,755.1526489117532,868.7676281270878
GSM1691950,1700.3164726777777,1672.5488173348294,763.499377470539,958.5397541280572,552.3459235598411
GSM1691951,1707.4286096323513,1651.7229779333263,823.5268539347389,879.6184239173044,542.176615239332
GSM1691952,1752.453166473009,1686.459125320721,888.6442248626281,927.3919466816432,529.954979633967
GSM1691953,1723.9370306749424,1605.1553205596765,972.2808030440792,789.1317408464765,786.1664250098947
GSM1691954,1774.9763149434712,1576.6312563172642,951.3247911602994,924.1747784863446,515.247444954447
GSM1691955,1734.8229021697489,1669.930645876093,846.0912820257663,938.9562347170232,557.0526613146649
GSM1691957,1697.7442356649854,1571.8072565986713,950.087189811291,896.20270946243,547.3251027501419
GSM1691958,1757.1240730108448,1481.3666460650038,1063.75822098362,880.9403400948368,987.970316683065
GSM1691959,1832.4388792372856,1665.3607098618531,946.102340452845,967.2907428730624,610.8463699069798
GSM1691960,1819.914510613248,1673.174544990893,938.1282366666684,882.2216781314355,555.1065149499746
GSM1691961,1727.449556878663,1620.809066591506,769.6968202581666,913.7915533662745,509.1545104486058
GSM1691962,1704.567816180852,1529.6403697706685,959.985145484643,789.1688256607495,848.8992928593789
GSM1691963,1618.0664029826085,1643.599388546927,619.1060712188664,662.2593612896508,587.27125372927
GSM1691964,1767.5800671757725,1668.75023271158,822.7041889432339,865.6335928760245,701.8194507541302
GSM1691965,1779.0794226085009,1591.5009540851988,965.1479126983468,911.0140542319086,477.2244367326575
GSM1691966,1886.5257769111377,1536.716051192025,982.1464145942656,1029.321793288697,457.491492452762
GSM1691967,1738.9807925005616,1630.2793695602386,859.3324730861777,888.9254806631361,687.4640083476243
GSM1691968,1857.742200435044,1585.8383637323896,1077.4009745220335,951.324295767231,513.0123076962172
GSM1691969,1803.4096011469287,1573.4358736903887,888.5840869910107,998.9758680188406,572.8570789546529
GSM1691970,1737.7489661324437,1523.2225620691606,1037.2213810676285,891.509606662853,753.0110084615808
GSM1691971,1769.846418304457,1586.0809008228016,898.379408375743,925.6928466439258,566.1929080482632
GSM1691972,1717.1153323591534,1693.7028325994895,799.4254066957365,836.193472748666,592.1735838188233
GSM1691973,1743.5710323182657,1796.1753062558246,805.3262623474411,920.6325161898822,681.0280101336375
GSM1691974,1803.2730275041283,1670.0693588591948,861.4307975095262,872.6513062739341,670.8861779368599
GSM1691975,1759.0408069166697,1427.8817860715644,994.5799104492326,942.1013879733146,795.4096942518045
GSM1691976,1751.7494212512863,1644.6535374825207,866.198354863106,912.8454682633528,617.2846433697769
GSM1691977,1722.283476725197,1735.8887223153797,741.9802783909208,1011.4573455646488,512.2721792916645
GSM1691978,1801.3507861777616,1535.1989827665166,829.3723109394823,1085.5207170608155,289.87416162851696
GSM1691979,1795.0598377540446,1620.3240824045731,925.4566409513736,937.3597350786322,595.9620444447255
GSM1691980,1782.715027995163,1502.6971743030426,1013.367723011742,884.0356234289438,768.6144740849959
GSM1691981,1809.7986544780333,1501.3598631487191,871.6367831794196,922.1300053204696,520.4027578817322
GSM1691982,1744.22951384304,1564.8512880648204,818.9917725535588,1002.1668918087652,411.82328603197857
GSM1691983,1788.690434197757,1485.2001501550194,1030.599014411795,852.367591109215,763.236554665481
GSM1691984,1725.5497486730355,1281.343158054201,933.3304029699412,946.703713855396,506.2331061570858
GSM1691985,1863.342446906304,1519.645566891978,1000.0898066213076,928.8407734822194,666.8948700771289
GSM1691986,1798.5789098521382,1541.201719669583,982.8538034554648,912.7135433898612,594.2403010497146
GSM1691987,1699.0419862594315,1464.0941928952825,866.3939863728192,885.1486209536561,626.2976686817374
GSM1691988,1783.1778476322695,1502.8125430457349,823.4355376170315,1073.5860585419114,442.09447073135743
GSM1691989,1827.9434746958812,1637.059004747558,916.9257245292528,875.4082609935895,518.5310043403224
GSM1691990,1700.3609189085,1610.4934810389068,819.9595242169235,800.2841763776414,564.8671583801806
GSM1691991,1738.572523358178,1479.6164203971475,1065.728731003156,805.4085505112935,982.0198481848328
GSM1691992,1735.2599336043731,1519.072899581277,891.4804935208449,869.3863342910699,608.0968170915912
GSM1691993,1739.1379370702216,1706.6370388732903,847.1832401278825,847.2178022216513,600.1337477720353
GSM1691994,1823.688923973843,1625.422725966594,954.023285669613,958.0260729664304,526.8502829770478
GSM1691995,1726.8578900955629,1471.67839561021,942.7638418451688,793.5702728413562,667.39223165557
GSM1691996,1780.6502002997622,1631.2372458654609,749.4457691004554,992.9334138156846,522.3104009392073
GSM1691997,1691.5855851283532,1646.864481176919,831.2656570716736,898.9331113566968,617.7100986732266
GSM1691998,1660.263982941965,1464.4383723210967,793.8768800583539,712.3139908872217,1040.8046040850695
GSM1691999,1727.8685512787742,1551.3545282895402,866.6700493406506,848.8479414003359,639.9537583532065
GSM1692000,1735.7159019056844,1672.0535026778443,843.574013039979,878.2738219741677,525.5020478453398
GSM1692001,1744.920498608578,1520.7852691860298,908.9856233797528,881.4302616948016,614.1505846985619
GSM1692002,1751.848110701596,1588.0672717940745,1026.4544229135165,788.3879310769426,694.3752657356054
GSM1692003,1815.9720740172932,1589.5406992069193,766.2272388906713,982.6683951601854,432.8920000297076
GSM1692004,1729.9155603000982,1716.440734015904,766.5102589416183,848.823670777565,708.1662261775045
GSM1692005,1756.977621771929,1688.1628995561423,880.7108376023243,960.4791227967615,490.1574285167935
GSM1692006,1810.062213204976,1471.506226567374,977.1772070654032,866.7594854060599,626.8636516242059
GSM1692007,1735.3996019886872,1515.7813697500687,836.7602811270644,810.4992381299662,799.1439653226489
GSM1692008,1769.5389975214705,1626.527416921178,811.5632680891194,946.983552323507,590.7728439681086
GSM1692009,1737.938253082908,1529.4805183463468,1116.2569111680805,837.259518290819,852.1560758636406
GSM1692010,1748.571693849628,1593.0772650306862,793.4475005518752,893.8277105743755,492.8597628959469
GSM1692011,1716.9827155053972,1455.18012176271,971.918633883075,923.860473023702,495.4362953993341
GSM1692012,1757.2696691368756,1484.21170584663,903.8370821839544,876.5447631476727,665.114664674873
GSM1692015,1748.0204019707407,1528.0188726741571,799.6039576000221,876.1842989460911,575.7625134467226
GSM1692016,1845.152359520771,1665.8304591048127,876.07309821957,958.0323182991506,523.7496979379484
GSM1692017,1760.456921445605,1565.973768875535,968.6494439383604,907.6542721959358,675.799673020002
GSM1692018,1794.78728137497,1585.394334822803,818.5879748368998,903.3936968020408,670.5250053688451
GSM1692019,1798.4108000193482,1635.1240627822872,822.1204236564881,1064.4602931722911,440.6338608547285
GSM1692020,1640.5292914297706,1658.521140335166,810.0383526801697,781.239408295487,529.6372829192997
GSM1692021,1746.6875831342395,1392.0463712701785,875.334605869185,696.3077492993752,930.4540914287992
GSM1692022,1857.612199784604,1483.1192084196591,945.7518822977928,869.5840666719214,670.2631089706783
GSM1692023,1826.7044245464483,1594.9561669750829,983.3222275840716,878.6780047494149,737.4800335388009
GSM1692024,1814.6938679009168,1465.182337016891,1002.9777175507317,905.132383819031,793.5013015735467
GSM1692025,1764.0298666645313,1707.606728282597,934.22216399655,829.8281414296871,599.0247044464086
GSM1692026,1709.5022457362747,1632.069410760069,790.9840730817486,909.670472042084,548.5057389620606
GSM1692027,1656.9345533479636,1608.1933804996215,750.3075234817197,830.1129791320518,674.8339153573943
GSM1692028,1796.9356946918342,1501.788829916427,940.848700521252,994.4020930675596,417.6850576528486
GSM1692029,1838.2128154759912,1525.2902004496527,952.4217570695092,889.6575864707665,493.4361628713205
GSM1692030,1841.889115628016,1519.330894732021,912.5884860076984,888.5479149131779,522.8422182265185
GSM1692032,1738.9636839472969,1598.7800968781166,787.5870261520186,959.9221189404334,532.1482736627504
GSM1692033,1810.8825139490464,1697.5878648249573,816.0664574391903,854.9940033531284,628.5476713132057
GSM1692034,1746.101039571241,1506.8668269484706,791.7417105145487,869.1396113297315,503.4390009222652
GSM1692035,1780.891735414065,1636.2284097449656,863.8357757116328,943.7356318479468,498.0835567372642
GSM1692036,1793.2970438316331,1566.7046743510246,865.8769414653289,886.6514651207872,522.2385821464741
GSM1692037,1746.061073691928,1552.6855928961377,826.1581005668049,1084.3586837428384,306.1208990973446
GSM1692038,1842.600102747775,1541.343794225697,906.1799666671204,1097.895186594441,422.32190223226735
GSM1692039,1805.345382865872,1615.1323984244964,890.4438302622557,967.2128261082452,535.6096681291083
GSM1692040,1766.2303156674952,1620.58823065883,937.7140502522708,859.6475521749062,805.6394279403512
GSM1692041,1721.7949287352176,1607.0483294076894,784.1313400237441,828.8800243414398,636.2698474683539
GSM1692042,1763.120233619422,1626.236961569845,860.0030070149032,921.693220635044,547.2668136783095
GSM1692043,1826.143326779,1520.5398999958134,997.0335746616674,983.1925780029542,521.614760705048
GSM1692044,1742.41927593308,1622.6880028224214,826.9073659178703,860.9826411559488,560.3757332913528
GSM1692045,1678.737011059191,1483.38709078004,888.0640344932981,829.4550245099281,608.8447100816829
GSM1692046,1700.5239769685822,1453.157989050325,1042.8263763378518,830.2546335985435,631.4856934401478
GSM1692047,1799.3653110316643,1449.6661696306046,1170.1272625750853,825.056543390855,1063.317531669487
GSM1692048,1772.8237161644984,1629.3680394392632,822.1909175844612,914.070649576226,518.4610090644328
GSM1692049,1826.8482799600745,1576.6490165164332,950.4780995560914,984.0782354830552,598.6878591007608
GSM1692050,1788.637288655755,1503.933810476111,1008.934592019621,908.7034000243556,851.4751174241146
GSM1692051,1747.6313262579934,1537.8246192846336,894.4104486490114,926.4550415910936,513.7855971066729
GSM1692052,1716.008907079653,1512.3706295567863,958.4793390829072,821.1492714043625,975.9026894532416
GSM1692053,1841.3069687605396,1508.758554124598,902.5987815236058,1026.185252938014,395.56513053159415
GSM1692054,1740.5402991909905,1561.586183227263,851.9231111221179,849.7542358584715,520.3319464555398
GSM1692055,1785.764806244426,1633.9415131942103,839.5323906519452,973.5567280351232,405.3129961018685
GSM1692056,1960.4265961678657,1604.0235798354406,897.3369110216245,1042.3569943169105,536.4924673352662
GSM1692057,1753.3697541150214,1601.6619786726433,790.4405453099516,1035.917349321864,531.5407527961015
GSM1692058,1778.8442619824991,1596.578148173353,866.3142850189515,921.3387094742948,448.7782167136829
GSM1692059,1820.2424806868305,1549.623331466918,1056.4695031641904,875.2201276723745,917.8867345157096
GSM1692060,1764.5421936945286,1488.2308943297148,999.7902742723444,864.2636778276647,785.6229722571134
GSM1692061,1748.739814481249,1555.5494864291968,923.535316568874,927.1677473039337,455.99374031241496
GSM1692062,1777.072944222613,1659.1068895558328,780.8904044433721,941.2022038719116,569.9123727370688
GSM1692063,1741.2950062138198,1749.5395040671829,766.751858329355,915.2549562485356,527.7885886349504
GSM1692064,1701.1735112081788,1435.990408202225,1040.2748654902734,652.7051521939093,1224.75527630926
GSM1692065,1742.7588359609035,1569.246877887559,810.5393975873058,979.0243007405124,331.50089182668944
GSM1692066,1784.190182414387,1695.0473330538998,871.6929927815063,892.9992977532693,638.2203188546409
GSM1692067,1735.386756017523,1615.7049193789253,740.6943735135628,872.1230612303843,617.1501394260667
GSM1692068,1744.901578401974,1597.9575795872297,878.4561902066953,796.0005547120791,719.9974840094555
GSM1692069,1704.626435975678,1586.2141220998765,839.9296548445409,840.1966437709007,610.9864615783099
GSM1692070,1833.1821647143104,1450.133348907515,892.7897510697258,980.422251355688,550.0969094313068
GSM1692071,1840.3788088519293,1588.9882952709113,859.0487149497349,942.612954012061,628.9488567653334
GSM1692072,1730.7793490348067,1622.888789133411,782.9248582541659,941.3955208786228,486.3233322488895
GSM1692073,1824.3197625629653,1664.841347777805,833.1673477453023,940.0572031360052,516.25313127139
GSM1692074,1752.172198275579,1617.0104253600755,989.4918866516044,880.1278299755422,664.6657333753419
GSM1692075,1771.3684483683055,1649.960980936009,805.5548356744084,943.8833245727392,513.7522666978748
GSM1692077,1701.9217121658055,1592.4395404557345,892.1562167174079,708.7105161660074,656.587663983626
GSM1692078,1827.2152375661651,1604.615594595949,892.05380844706,964.8896233197949,492.2545067948422
GSM1692079,1742.2003704855078,1639.9779799778216,780.318840891221,939.0007337349545,594.497391473601
GSM1692080,1674.5798262618473,1623.1526590896874,705.129993772016,909.085288171348,565.4434608233933
GSM1692081,1734.3719042096272,1412.1234809187636,928.4448451901608,783.6173260424994,894.5716978905557
GSM1692082,1726.4461247718746,1587.1239579895164,818.7445322065223,840.8934270736481,563.9821768107695
GSM1692083,1771.2794502286142,1525.8067954145663,915.4453242614564,1074.7480706720207,358.5531830126847
GSM1692084,1812.2841926957328,1549.3707849664345,900.9581917242303,949.0570556638286,557.2822588938479
GSM1692085,1798.6425257758135,1645.0702668481854,885.0668134528605,944.064989448083,340.29702145572264
GSM1692086,1840.9414289755323,1537.5684117731662,980.2953307896414,926.909507391003,570.1524192252227
GSM1692087,1749.1578770794586,1533.1126063490938,812.286732354677,908.5713640076184,443.6855703483252
GSM1692088,1828.4848012864777,1454.742164382278,881.5055530294085,1069.2261108221255,376.4440165497863
GSM1692089,1729.219155011121,1692.9667319100736,824.531544427904,869.8160941228953,548.8355213083942
GSM1692090,1745.9058835932528,1529.264994244032,856.6655079386619,913.4221001123532,510.6841492336971
GSM1692091,1805.7677238654,1584.0013761496048,896.475833212,949.8064590053546,661.9340653408663
GSM1692092,1775.9888012841202,1621.745985657035,887.1686592953829,1110.1363098629429,273.7594025945491
GSM1692093,1780.9412272525733,1660.5952316949297,824.8786746339183,856.3156908899937,618.940138318455
GSM1692094,1803.478138446413,1626.692388291698,943.9626117907646,957.4223308860156,478.2840036751513
GSM1692095,1771.8161628370017,1654.816452017183,832.2191272732889,924.7453961954852,429.4826855486226
GSM1692096,1744.094489289524,1580.159047814053,736.7769737498211,856.3828568920799,534.7835582311282
GSM1692097,1766.873720718866,1592.8815304609095,832.9804956189437,952.8352400449356,646.0729042730736
GSM1692098,1751.427304016056,1563.938190029733,724.9657063729046,947.0673185151672,464.6924331953933
GSM1692099,1791.5185483937294,1639.6162190454909,671.5005074149385,971.8215044202808,312.22268241604434
GSM1692100,1812.4818617790304,1515.46339762974,932.8848081973492,1000.8754253795825,577.6989668463057
GSM1692101,1834.5096485302693,1802.9774186145232,802.8328340753233,854.9067135245905,676.7063114068815
GSM1692102,1747.0058700274467,1570.6026839658407,855.0434585920138,825.4603751847217,507.3729836659568
GSM1692103,1774.3297338087605,1528.5290053497365,996.1832529625036,892.5348328382624,616.9675596163834
GSM1692104,1689.67411141534,1652.7356785556394,852.0731046097026,807.8654551365862,535.2652798949894
GSM1692105,1728.4445110185015,1578.197651760881,905.6677611954992,823.6405288882634,546.4472176618465
GSM1692106,1761.9693791636082,1629.1425590273084,847.5934348332476,879.449174555466,602.8050762653511
GSM1692107,1793.8489749857308,1619.145521346304,876.5910006962586,876.5728757228608,685.6271437636342
GSM1692108,1760.511506036164,1573.2317611081417,946.6128882570856,876.4413442958103,892.8281986292213
GSM1692109,1701.5194977816009,1587.6883496715272,862.1217432437179,807.6636945176751,602.2669477511536
GSM1692110,1749.8964241502044,1606.715770458051,844.1056723144166,947.8119385297614,502.12742161913593
GSM1692111,1786.1777790092592,1360.5091910232086,960.2173595146552,965.1369888093832,484.45002619914976
GSM1692112,1748.462868946025,1589.9281754563,969.1949728622684,851.7855403898538,840.8362708147924
GSM1692114,1799.4152237864528,1562.5497936266156,891.075123583767,917.5963913408395,644.2077385972161
GSM1692115,1799.942017375586,1502.7323923752974,958.881497359791,952.8896763473458,590.3641044029791
GSM1692116,1652.2685549880623,1623.4252938843083,740.1432590976692,729.8096643889185,616.8986291149586
GSM1692117,1800.9997366142525,1568.67375492645,996.450112034324,893.7447902154399,580.9009300293719
GSM1692118,1812.4022207057835,1612.4079205773542,1068.3338019451166,871.2357853113826,900.0364524886945
GSM1692119,1810.75445998144,1435.883397672329,1019.3144131568342,927.0951779307552,673.3218835055841
GSM1692120,1640.818333067381,1453.4587594359418,987.4673959597512,656.4647259803014,561.7868990383313
GSM1692121,1819.59032297686,1634.5120836116112,928.9262993311212,910.0197042274222,596.2466410817215
GSM1692122,1683.3373676642932,1317.8800353404913,978.4576232930622,753.6449717018331,1086.4770196286072
GSM1692123,1770.7127241355029,1535.4499694769283,825.9156068678221,959.1358444849348,416.11429607434
GSM1692124,1726.7639394230164,1472.2734375571465,1016.3164696040494,805.5962534673235,959.640110730923
GSM1692125,1742.6290662511155,1628.3077641065847,854.0936447987306,897.962309958818,472.0005025883838
GSM1692126,1717.585225357042,1425.5682780781617,869.4331951448048,772.364486351109,750.6350716662173
GSM1692127,1750.5236162907397,1586.2701896642593,855.3108121602645,814.015742731659,786.1461536127936
GSM1692128,1620.2087776118306,1473.187987085933,724.2743474878871,704.6840300150452,791.5557031146354
GSM1692129,1659.598674119604,1611.9806668824694,715.6372386117419,887.3927383163182,586.3891567107985
GSM1692130,1757.5737185486903,1577.883570619976,853.3371363813394,823.474331192645,531.3138743250529
GSM1692131,1857.0745905218992,1653.6738155884425,858.262513846963,961.8101320516816,608.8585119943773
GSM1692132,1840.1444725754827,1652.400466013668,841.8546351863442,995.768048246342,510.07484380013466
GSM1692133,1756.4549831549757,1635.082524411553,921.5024314468328,811.0309847401568,628.6741946702414
GSM1692135,1651.707514489104,1363.8524661202737,979.5948607632808,732.903497201858,793.5181380713138
GSM1692136,1806.6172773328472,1532.3322565934675,901.2012088162936,977.991901734481,497.5885144112881
GSM1692137,1742.439773492034,1542.7444856889233,1013.2559317630694,855.0848690601233,1056.1630566007034
GSM1692138,1796.6305564480108,1488.5717602394725,932.9495856608828,862.5486961698307,638.8090238109717
GSM1692139,1860.2951147139088,1434.6894257417116,988.2105452315708,981.992469150462,333.6425097398824
GSM1692140,1948.625519344182,1687.9276084755566,920.4881646843525,1019.9609311774138,497.4752647288833
GSM1692141,1724.1526475545988,1559.7126000923772,963.9496101954757,836.4971592745496,732.1855804470497
GSM1692142,1815.7315280249811,1518.5463640683356,914.5023934455604,951.2864618225594,394.335851717753
GSM1692143,1719.4659545908223,1582.5173621641516,863.6147747251935,842.7665817963898,514.6271003290749
GSM1692144,1735.4804024266869,1675.329835037448,823.8953396178022,793.4925235626188,635.0217515871173
GSM1692145,1765.9496142329715,1626.1195090951096,910.8697269128752,903.6168915486804,523.8321248961192
GSM1692146,1803.9458674572925,1534.673222310491,981.1741631930944,911.6896560905534,682.3234909033163
GSM1692147,1741.7303531509317,1560.3295161611932,962.4626888033036,907.69713903477,514.2106752533045
GSM1692148,1697.734793518743,1427.0608721536446,1104.698497279093,738.1770652252208,1156.732112218955
GSM1692149,1724.731016895522,1540.148473217554,963.9750691340914,787.7236280642837,773.6422669177018
GSM1692150,1627.5339055998377,1582.4678934323792,782.6340886788803,712.0569834553135,694.354562462554
GSM1692151,1776.8476517631534,1495.8365208340256,886.9971723403487,919.2643470223602,933.611438842776
GSM1692152,1734.8641283795714,1556.9379823564905,778.5556013203068,874.2261725848002,591.3551389221511
GSM1692153,1752.6590701358627,1601.070913065746,845.9134165084079,928.7192962916524,490.9173816410648
GSM1692154,1792.186621464959,1520.2254189457826,890.486394294051,886.4822901447669,486.8814121014712
GSM1692155,1734.890803095116,1540.8729236309157,791.11175302011,923.4307859344764,346.3317251437038
GSM1692156,1781.348046486799,1563.0839281788822,954.1265275400848,924.506285801117,730.6583036869624
GSM1692157,1788.742665488884,1624.0476826439865,845.5736079519302,983.3426912916266,543.0402707074609
GSM1692158,1779.9817801746367,1695.4718427186835,706.2056350531157,899.5983072161798,577.4506151610831
GSM1692159,1800.251432783698,1573.9267444146765,919.4533550954638,917.922135568926,418.2091494343431
GSM1692160,1929.5325395339005,1308.229928282229,988.1558095314113,1026.4925259091187,344.3513570817977
GSM1692161,1753.5200997788097,1637.525100191756,881.541790955549,830.269760046891,629.536650493812
GSM1692162,1805.486733090037,1631.6046893889215,915.1897493240376,939.1781204268244,678.0871609915566
GSM1692163,1787.6037485964544,1635.0498011464178,888.2787436582703,931.643201557872,576.8470205998674
GSM1692164,1742.8628961361355,1620.6292704551945,861.8798152619956,981.244131882323,409.3413010462982
GSM1692165,1823.4109262472537,1679.9995380358214,880.8991449826653,938.9482239407672,602.8054701658848
GSM1692166,1824.2100966193304,1468.791978814098,939.5875652650102,910.9057792255816,511.8725372688096
GSM1692167,1709.9528989260923,1607.7641754450096,846.9847983405825,805.5081990479875,604.7896333352037
GSM1692168,1828.6202151059304,1710.7068488854748,909.719002026798,968.234721562788,571.2126355120299
GSM1692169,1828.18580219288,1690.5588760495002,916.2590861007328,993.7194160253804,533.351447813996
GSM1692170,1775.922298180244,1552.2871687533689,885.4688129533624,949.5574156467655,579.0803069184249
GSM1692171,1671.2300559650505,1573.3829809990357,914.4741112325136,899.073993858331,453.06774700855385
GSM1692172,1660.0913444769676,1554.5523296522306,993.8426613970524,828.5724336514468,1071.7076189972122
GSM1692173,1712.7980518171744,1649.1775400548604,805.5113723661689,914.6121874318596,599.2051312155418
GSM1692174,1739.8857499994983,1491.407147472003,836.149267212154,959.9367239635548,624.6486424198574
GSM1692175,1693.019148372652,1526.5108290354756,874.5422289682547,796.3161529871486,728.1077738200383
GSM1692176,1667.4238394041831,1565.1527509140478,756.2629731681418,748.9703252957779,614.846354357278
GSM1692177,1856.9459789758648,1492.9454133633571,1011.269251571328,916.9007465169096,803.088222105066
GSM1692178,1743.1258774880423,1606.2233807712264,899.3507483260964,831.9031244292446,670.8413820618471
GSM1692179,1831.8632932047176,1568.0826083744614,890.1531495370737,934.9502102088228,708.0768597122415
GSM1692180,1745.034970196925,1544.9065786958472,799.1255654988881,892.4457432243444,606.7577621495784
GSM1692181,1786.9380031787878,1596.413524237344,870.7132845270444,1052.487251378474,403.5700203548449
GSM1692182,1689.2944541708755,1557.4085687053348,852.2999959472845,737.3207252352404,643.325652948105
GSM1692183,1682.494365271732,1575.741369633507,705.5139850865016,780.8301010346813,559.584548522469
GSM1692184,1858.0157105741653,1551.7064001461376,1001.6917348163696,950.015194151666,721.1677422728026
GSM1692185,1747.8458563942686,1554.1998157421458,911.868445446038,800.0937007172688,559.2022350634652
GSM1692186,1738.8233509137954,1436.7432999620996,1036.4924306286705,799.8778723383639,914.7980096518522
GSM1692187,1713.239401743689,1556.4183773019404,903.1973195968768,784.9803864273899,674.7836850096301
GSM1692188,1808.6886096528688,1465.3824651204925,974.3031945352914,846.6198131105093,634.2773910008982
GSM1692189,1785.6752445013865,1576.4166478699651,960.0660690875956,947.9094455318444,473.7745127351564
GSM1692190,1764.1315972245063,1620.8929101620306,898.2110570487739,903.5085331328256,580.0848490311137
GSM1692191,1749.1915578821245,1388.3773256155146,1103.9392121948886,824.5960660287037,1045.7844082361223
GSM1692192,1725.446400596452,1524.8593722014657,872.9655974685038,859.0379560283418,581.7237294495671
GSM1692193,1828.7020944566448,1685.1602455358443,950.0223723797088,933.4459022292184,589.9954042198378
GSM1692194,1833.089245826576,1577.4378302942869,913.8538113238728,1028.1528186140958,555.6353893629566
GSM1692195,1739.790068592546,1532.657895812321,835.1814777170339,844.1077881045549,532.5205926546469
GSM1692196,1755.6041386671586,1543.8490310428142,1051.7948744649177,866.6842353875909,612.6917243566713
GSM1692197,1690.0262117955544,1586.2174280566078,794.4310785461503,758.3317574534613,768.6389108168096
GSM1692198,1775.2485584022716,1477.3529789091954,1084.0628928969963,888.4719684726379,825.6814072963898
GSM1692199,1790.8327734441464,1601.4091996182517,864.5174534894513,899.1637652003155,543.1886164531625
GSM1692200,1843.926512493288,1609.8713074171235,961.7276077495052,957.9010702185896,477.517687512769
GSM1692201,1831.486329523236,1537.8132008373414,941.0133881598113,985.3466886572832,402.1994670698441
GSM1692202,1753.0105260021646,1571.1041267222963,957.880826287812,784.4754301916801,657.4823029364361
GSM1692203,1703.256400205485,1463.3160943652238,1022.3910177047655,768.1327164022878,675.249143920023
GSM1692204,1755.9358781113424,1550.745547461599,886.5034960222956,830.3789665649965,524.5276052448762
GSM1692205,1753.1700922984764,1520.4882498654297,920.247280335364,911.5894292607854,345.8657379112965
GSM1692206,1821.1239553380171,1643.3471319767225,908.7259721973888,940.718603335823,478.3939611088135
GSM1692207,1702.0930968893008,1574.287046735457,777.8030462944052,954.2546287041188,523.0325443098336
GSM1692208,1804.6851751571808,1617.6042001662245,824.6106524900069,1002.3165444202504,418.5656410325091
GSM1692209,1769.7369460850396,1590.4663387094297,898.8703497236556,829.2850712097834,509.6144604332776
GSM1692210,1719.771398434993,1611.448211592733,853.0601217549683,755.6380491462378,632.3412748500468
GSM1692211,1722.2462194156742,1592.724004308866,782.1993737162147,867.7968311116547,694.4348601839465
GSM1692212,1784.0306252297914,1497.7545045697998,1050.7083257020267,815.6813360527394,877.8868796305051
GSM1692213,1778.6109170496347,1605.8278805175823,808.103555884195,983.5924882629616,514.8618076071762
GSM1692214,1730.709790394083,1534.840339270485,965.350261411274,865.5491308399342,754.4607045242265
GSM1692215,1767.2123346685255,1730.990584415864,709.9034427418073,940.5919758168884,657.1538900153955
GSM1692216,1731.7527023275234,1631.4253009865488,870.917965716746,815.1342186773736,548.4984227861523
GSM1692217,1636.3019086203103,1533.0909862594035,888.0310965378767,780.1268801786491,770.2503312288427
GSM1692218,1763.4398305132763,1544.5458753841897,927.6986288826448,846.9677809414843,601.7803287457536
GSM1692219,1784.068360047021,1589.5816905072052,797.7683604933154,913.5310491398112,561.1892303427176
GSM1692220,1676.4795759353565,1575.259156462298,781.9481303141083,855.0234866534465,463.97724787028073
GSM1692221,1705.0838036395598,1523.9123340712297,962.4621148555244,831.3360618366523,855.0990958417815
GSM1692222,1774.7202935034647,1617.503636692305,849.9254381406245,938.3445139721134,495.2917713784764
GSM1692223,1708.2499730695629,1578.2822214609423,864.6464005126127,936.9818925117823,647.0846674838904
GSM1692224,1705.0101096355056,1525.5360211572024,786.0485122162963,803.8212679744411,623.2639840128923
GSM1692225,1846.6946909496448,1641.0066279191003,998.8150896208,973.2263840804144,833.0459321691487
GSM1692226,1840.7689866159556,1663.841684576361,840.5572873503379,970.1453012861648,524.367719165688
GSM1692227,1734.274409898897,1588.4304842576305,1008.4106953037764,865.3837707175189,892.8965139183138
GSM1692228,1758.0948190451309,1587.845876044693,894.9736547458497,839.5429203332042,620.4986662943256
GSM1692229,1784.9079271892751,1549.7672099104066,998.925915541906,917.383030564568,570.5148404135398
GSM1692230,1798.793355068793,1637.1425854603112,882.0992247202512,982.0203575555716,479.7541730997209
GSM1692231,1752.7813135428703,1646.3719575229306,844.3233790256472,862.0791881749565,639.9367718435496
GSM1692232,1798.0318897683755,1574.6758134573265,936.5077753714676,916.4946894913684,487.95529349746994
GSM1692233,1753.168403304701,1590.7196679069766,865.4598115969065,913.4575057234006,496.81409125696246
GSM1692234,1838.905873988193,1461.6506202583096,926.9840017863936,1036.6415327609657,323.5560330836952
GSM1692235,1815.763497406548,1333.2628287795833,940.8370861710192,1079.3371521627705,423.0801497726197
GSM1692237,1810.9912206416284,1513.5393418222002,1010.7161915295457,833.0374794800409,636.1701688008297
GSM1692238,1824.9404417637304,1391.0624209808557,1010.0772116726456,983.4814402191832,505.4002285914721
GSM1692239,1708.465288614574,1560.2626925540244,785.5148604006617,998.3457463588112,347.1179973436965
GSM1692240,1690.3129014745036,1565.918298445371,945.0260818103634,738.04234456215,639.9212098645658
GSM1692241,1792.4212860669925,1585.9812310945726,888.5082203875718,911.3974718408572,482.7267793889714
GSM1692242,1794.8153974717798,1634.5586427564112,888.7623375124394,1018.4296546428824,339.21401185950526
GSM1692243,1758.8651862043434,1587.3450423240463,889.6976035985244,951.006382895638,448.5291317241399
GSM1692244,1779.3813683315466,1601.2296038478926,860.4184579314588,907.870317451304,530.165969534446
GSM1692245,1793.2927297408514,1705.784650465388,833.0478758276959,975.175695139318,588.656999795513
GSM1692246,1623.3138254028927,1493.605165611841,801.5228385491773,567.0385642198753,744.611243145061
GSM1692247,1781.483681481698,1625.9629217807587,919.8704131809282,874.1164701066746,594.5340367527042
GSM1692248,1768.0380130675412,1582.2548618584278,804.0749006931646,923.9493401750416,570.4579369862968
GSM1692249,1712.701340812141,1553.256944603481,797.6310031825751,893.9913870009605,559.405720710849
GSM1692250,1328.8999029934448,1084.7508367950622,660.9980585810335,202.61347679397292,1027.8156819021906
GSM1692251,1801.4569352498,1459.9682395237196,875.864304017432,804.5087322909858,753.5705097759528
GSM1692252,1835.2110149091468,1628.5417612054998,973.5105137321052,900.956990536146,552.2971735265528
GSM1692253,1848.619872281306,1605.3712421047685,914.4600007210664,942.04314684165,573.6341445121207
GSM1692254,1786.6105821096708,1538.7776835941895,793.8521774084493,1023.8967903331568,630.3274800852878
GSM1692255,1725.5822752978384,1544.5792385600507,886.5174317055407,818.5945852212499,607.594705431161
GSM1692256,1760.153129729977,1709.520224186458,772.08659271543,914.5760156680536,578.2090332859225
GSM1692257,1717.0761999515407,1591.6702088634183,892.5260035344572,912.2736138695072,561.6025419494581
GSM1692258,1650.1308042816945,1451.390483678224,976.3503802181996,686.3201946989502,812.001571495407
GSM1692259,1711.4475743697649,1633.2313837890324,940.356512737535,838.6826752621091,915.9644668937626
GSM1692260,1764.715552341204,1637.047069759515,964.1261551740126,953.5084577528814,670.0620831663318
GSM1692261,1785.6370913551473,1573.6360809947864,851.0330660665686,882.7774921301143,591.4529479205039
GSM1692262,1857.2118137266743,1717.4359572725807,891.8879226625695,987.492265222024,555.495914122459
GSM1692263,1767.433719486342,1555.8511445522636,894.6746951059122,889.7943306221487,537.0007471507324
GSM1692264,1664.3698373799534,1524.4116022609742,776.7851572772233,721.6806893048506,667.1591334718296
GSM1692265,1747.0207127957456,1630.5001600098994,858.9915927764196,893.8279836500651,621.603925829223
GSM1692266,1733.4665585448363,1670.4187238203394,834.6774913227191,947.2218989708736,440.066354950648
GSM1692267,1695.0593698792964,1652.4912257980675,833.3708780169345,892.9834400020545,634.6999800877293
GSM1692268,1717.0657749014536,1591.448766105765,865.4195850407605,871.1507830169812,722.5169332808864
GSM1692269,1688.9430164963314,1611.55895477577,775.6486056301756,854.4882940813677,523.0671029776104
GSM1692270,1714.5704944829797,1636.8353276344787,755.4520764758045,913.4313802675288,541.8036057551371
GSM1692271,1816.810535924328,1569.7722678696591,886.0938069644872,1002.6278100243962,460.5279091031744
GSM1692272,1734.163389667654,1642.876088297322,819.4518396049134,777.5527770169374,999.5262651993517
GSM1692273,1762.3063302764622,1564.6614968032309,880.2791589155004,939.4977323994664,425.616293673972
GSM1692274,1736.3439894776502,1552.722296478919,900.161434296685,905.9324558896232,423.9036999286145
GSM1692275,1736.26495786777,1638.016630597148,746.7999889091443,916.8342838752152,653.2989595058707
GSM1692276,1801.009057024291,1663.6231958575936,845.8780133689097,1037.6580578795083,466.5340635402508
GSM1692277,1774.7350862158064,1557.7812446652515,859.4987801429752,874.1726764309296,554.963606677884
GSM1692278,1820.0687780151595,1512.0930426301857,989.260000595893,867.743964670577,622.098810183712
GSM1692279,1815.6240019385011,1682.6483087611614,811.7082373694766,1029.3693270806452,459.5422902237151
GSM1692280,1767.2860991244142,1596.8350683771578,946.2779737259424,833.7220098633597,516.2563206312243
GSM1692281,1743.3402236152324,1670.3754891870085,789.2466700769219,861.5230383194767,427.9463538267255
GSM1692282,1725.754480168947,1641.9164136362297,837.1588064285352,832.231361318456,581.9998442845372
GSM1692283,1762.0097496289072,1616.9947761271678,858.7578573856972,925.931070723006,466.7950159337861
GSM1692284,1777.5371252213336,1559.805993147047,949.4348592790448,937.2021669785772,582.1711713262557
GSM1692286,1733.1939627921563,1595.1219845068215,918.8148681693756,838.4120571682433,612.565220354224
GSM1692287,1709.7158555134065,1503.1545428305108,970.5434628987496,778.2662590305645,571.4417715127038
GSM1692288,1772.4566648480477,1525.566653302647,950.9860284433544,853.6799548401268,597.4902880074551
GSM1692289,1791.8772497019554,1554.44714980359,966.5303498277945,1022.6502020733478,482.0531176227805
GSM1692290,1744.168458446043,1678.0138971355827,919.2757031790188,887.8668740228031,521.6160816848478
GSM1692291,1761.1230978490548,1594.484469524461,886.3491019397989,909.5095885324544,520.1174112983854
GSM1692292,1791.7068168105425,1595.096100939124,904.2226244017402,964.2146092032464,411.4645264207848
GSM1692293,1815.8805894343516,1599.326153498112,901.2815057984152,849.8604197168752,595.1775465277924
GSM1692294,1802.1613092335876,1532.121652967439,918.4747546195777,863.9542396584011,487.3876409931918
GSM1692295,1726.8152327632888,1645.5825132559949,801.6618267429749,913.8322841099662,532.9443475225144
GSM1692296,1734.9788023185356,1668.7620326266915,790.0152146669443,819.4718243160323,761.4051436272102
GSM1692297,1794.079410911777,1597.0623010022057,974.7832814316862,853.2479972657302,553.3148838367679
GSM1692298,1675.8869914054612,1521.7276172305928,902.9050842898678,751.6222620264052,567.2285865947943
GSM1692299,1786.8653434613443,1466.5148122501469,903.0725345642668,1014.7283497650952,612.5855908122312
GSM1692300,1774.072181978967,1645.032446526724,905.0183094130388,854.5443692508197,642.6465440642132
GSM1692301,1850.9748634834127,1434.188032006381,980.2807595130198,941.8786848008305,532.7003530068714
GSM1692302,1688.7403949550117,1491.1002851985777,916.0166490201618,828.2040281090376,832.2074885901602
GSM1692303,1775.604204943751,1555.7221666361347,924.786551414314,879.1286714332027,701.3356711457318
GSM1692304,1867.4067297329912,1646.522183598041,896.9740711231034,970.8394665850974,504.7475671733264
GSM1692305,1718.3880680052744,1468.2817595049073,909.6400621720986,906.836529480539,596.755000397322
GSM1692306,1833.873344109223,1477.1209173094894,963.3090211407534,980.285061013652,438.7516754873586
GSM1692307,1653.0807547840614,1460.5556291936791,835.4491471048104,810.8555720965796,586.3980404726381
GSM1692308,1720.025017121122,1468.7758134929445,962.4249853354004,799.5365183084905,1102.071006515932
GSM1692309,1680.4173802000678,1659.860983022084,930.2612156808564,788.6340435211459,964.5211671834596
GSM1692310,1788.2609493255804,1528.1641819806391,897.7940066018964,907.7264298352592,605.6246634838362
GSM1692311,1791.8297770844692,1616.287393761496,945.4585577537972,942.3499239754664,527.1961509144949
GSM1692312,1844.863330459292,1438.8689808514073,893.2278746626898,1079.359989625712,454.2869622909875
GSM1692313,1727.4703497731523,1559.0584198256693,779.6445410798724,955.8633839214144,278.80503511689494
GSM1692314,1806.554808595081,1545.1079065626736,966.0545571220136,905.2831486750956,541.0507061844146
GSM1692315,1697.9852127088743,1610.6427013248394,786.7930288824791,854.8676256590052,612.8536911292495
GSM1692316,1666.8939322565066,1541.4491806673432,735.6155574997783,809.8258435632079,646.5745126004522
GSM1692317,1794.500013510028,1626.2903328599432,869.4953910514059,1038.0433460602862,404.9576015753528
GSM1692318,1755.512300702735,1553.9401957645032,911.1992334511206,856.8799710860985,586.7560754192737
GSM1692319,1861.6319868549251,1615.579048331948,1028.085885407797,965.5225603698864,621.2162183592673
GSM1692320,1691.435404813535,1590.9868199318862,761.8297018220246,750.7504175457998,654.4443151212445
GSM1692321,1735.0015999198913,1517.3223400811294,806.4955507623445,1012.005350690706,494.0137714851735
GSM1692322,1792.1779060217723,1450.6783277483,961.0564090370664,921.3083736276576,427.4123551512357
GSM1692323,1731.5197090533757,1557.9385689591918,885.0460339598922,793.4803585126219,555.1587313423415
GSM1692324,1757.7303228187338,1587.66707994243,955.8446295416234,862.0820289776138,570.3191173835621
GSM1692326,1687.0441263621103,1699.5494604263567,840.2525514123627,798.7139155220693,855.2533517618667
GSM1692327,1694.9532371735304,1582.448682864988,771.5128333102075,820.2335171500254,532.5184442200552
GSM1692328,1730.4938767039175,1557.753361911542,789.7798747875077,863.2634661513157,625.4739340045526
GSM1692329,1814.5157349326964,1457.6618394564066,908.4894182568332,961.9753053198828,594.1305970757276
GSM1692330,1793.9347741135534,1548.2454366098143,935.7275335824417,951.472768798768,534.5110153425576
GSM1692331,1795.0869285265262,1583.860570943838,1020.21348363347,851.0525649354431,815.2684180442229
GSM1692332,1821.530804022209,1501.0774029327122,997.633109047265,857.5436333871703,799.3966077807454
GSM1692333,1694.565437787619,1693.1072377715354,663.1649219150677,911.8847008718668,620.7799650895149
GSM1692334,1737.9466686177548,1694.0615090893334,860.3972237070175,917.1484540754628,624.8924872040434
GSM1692335,1708.6757809507635,1418.8990573283636,1114.3844373458078,854.3878604388028,707.1546292359853
GSM1692336,1740.2822468083905,1579.2665041777127,756.2301389814647,869.0098166083153,639.7574587246072
GSM1692337,1776.587819061665,1507.087424859873,965.397913153828,871.0461557620865,811.1517718290961
GSM1692338,1599.1988630920805,1458.1640531807152,950.5863683820626,518.3827120358883,1135.3047656292356
GSM1692339,1683.2686542917745,1722.3614560125343,670.8910451846559,913.9762555595372,580.919923299969
GSM1692340,1708.828590862141,1577.2519103110726,819.0814661905088,889.2153253358565,535.1789468383258
GSM1692341,1775.5416700369524,1634.3645235616696,804.2095839413332,940.0157614898336,650.3852011994759
GSM1692342,1726.529595951071,1566.3553232269214,795.3631890518618,903.924738728112,566.4385173642759
GSM1692343,1791.6774704672498,1567.6492799877396,825.394404603232,980.3154014265756,641.0925897891893
GSM1692344,1775.2589671646665,1654.0071688345934,828.5388246942102,980.0285578077692,527.6351778888493
GSM1692345,1736.6563605825831,1510.150054331487,750.2167402853329,804.6936799576251,578.6852558830733
GSM1692346,1723.4068940626094,1654.624623077767,851.3478572667227,904.8144524048494,492.7026343537136
GSM1692347,1702.117931597043,1410.7537502559344,916.6372747873638,793.0469033415338,618.7784053767027
GSM1692348,1742.0141682855085,1531.6190567789365,866.6224183065078,888.0516808378061,627.8197104943292
GSM1692349,1730.9221232184857,1654.5647698146704,683.9923646953503,897.9190168399364,675.8968544133359
GSM1692350,1811.0639843360923,1422.1281681486707,947.5005044800456,964.9290255134893,492.1746069060482
GSM1692352,1580.96086879187,1365.83696342883,1069.534582194946,613.9959083722179,949.5916436001852
GSM1692353,1719.527660668149,1335.536264475733,946.4022477568388,858.5528493243546,614.7808772773888
GSM1692354,1614.0624629676977,1462.746971956787,801.4168879729241,661.7686445629615,977.9369305987302
GSM1692355,1773.9915685935166,1575.3906664541073,834.8093420180458,987.7139948685916,387.5225403163168
GSM1692356,1752.5215219638949,1567.595177689671,806.273691968554,920.2263096499008,477.7716085761731
GSM1692357,1676.3706966615746,1493.5905068140928,865.2431161144004,807.3028386455217,528.2442732307491
GSM1692358,1790.1902615297622,1523.4412266886611,829.4380699112553,978.8087362721844,464.7269176114296
GSM1692359,1737.0554071138358,1502.6608269097524,1058.5301304465693,819.910337572559,845.3484886096185
GSM1692360,1679.065801785875,1643.5977531518347,753.4885834121424,850.1065851435897,469.9221993837655
GSM1692361,1788.459918016043,1532.8051438795574,968.8389319256556,875.236679955442,664.0427781766484
GSM1692362,1774.2654084738888,1536.9489490350024,983.16832954637,842.3444498388089,702.9272628711587
GSM1692363,1833.6597313233435,1528.5803644311782,840.8633660556716,1058.3452367959671,271.9533422536342
GSM1692364,1739.2089431557588,1451.5574967897137,1117.7844661972222,797.3458397354643,1100.7160981187062
GSM1692365,1822.5283126383997,1599.9665012144517,857.155135963545,1021.2528960547096,494.685590491571
GSM1692366,1710.9509098093458,1614.267266311348,1033.9670726781517,778.5372153046374,936.5341779716746
GSM1692367,1724.624636659284,1567.3235045560668,912.3067520821288,891.299800885974,413.2404122089347
GSM1692368,1796.475066507187,1488.9535683045242,939.8978926746132,952.9955277167946,531.0902879297873
GSM1692369,1777.088569279597,1534.5791201199163,956.2819734509458,915.9043148659784,683.3140996936072
GSM1692370,1739.1275191955656,1511.500244865434,900.9345012944068,938.3620198275704,517.6718919139048
GSM1692371,1772.3751737736166,1619.2333874515125,781.07480045987,925.7168106423331,604.8643823507355
GSM1692372,1669.1256532894995,1554.9703621315284,825.9963256839292,849.3105348716508,667.7763601453125
GSM1692373,1715.5175471878829,1510.570462275614,956.5517814400346,809.4344370374947,764.0745821056926
GSM1692374,1814.3573738923403,1580.948722872472,904.4546731781138,953.523920395106,500.9236958416459
GSM1692375,1763.486333116973,1527.749700362844,800.9565884548092,883.6187527972397,488.96663067206464
GSM1692376,1732.2440550826414,1591.4779880406104,775.946540289965,956.6094997605968,542.7858743217166
GSM1692377,1764.0086601276962,1686.3168962576729,890.0042155064666,942.2593317211222,560.0865294198893
GSM1692378,1752.0880815467465,1494.010738055128,931.524962709398,905.6160971062692,493.32984793525975
GSM1692379,1722.4734662008275,1452.3299531396924,990.08387197724,797.4917295205705,762.342735450854
GSM1692380,1691.290323587362,1649.9219168277732,707.1323894050238,885.0648019290311,628.0998688146601
GSM1692381,1724.499223955253,1556.0782635750463,825.7131990003554,933.4207064719284,609.3082188866465
GSM1692382,1747.8105128044554,1548.0412465049858,822.79329924798,950.1966496259474,513.1593471689184
GSM1692383,1832.5837820800425,1590.8743440365024,853.8730857783621,952.7265447891068,521.7968165467064
GSM1692384,1787.5942493597204,1653.0424442759677,869.4487049816807,926.572543622552,550.0639319659203
GSM1692385,1678.134701997863,1365.2874748785753,1120.849868942688,801.5638445960058,889.3124765516823
GSM1692386,1784.993697187232,1504.752318310946,982.4539527632888,846.5458318684641,551.1455926505878
GSM1692387,1762.4906940686303,1509.2520443891435,911.1258656411384,916.781453962888,489.22157025097295
GSM1692388,1736.9877775948753,1412.0850812288554,1125.8603763774445,832.5562996105491,1026.0346484270003
GSM1692389,1622.27078436586,1665.429715438402,724.9465049411174,703.4009177498856,695.2334064409497
GSM1692390,1674.467828587186,1538.3320189129963,982.5832700325708,662.6503348928991,869.0016203178329
GSM1692391,1796.1787459078178,1513.9192067463518,1020.3127883119204,866.32329161914,815.3903443338877
GSM1692392,1789.6592283865093,1682.472493700142,857.3719036577986,948.7289106777562,506.8648550314929
GSM1692393,1800.5659730399184,1652.2637074039012,893.2798473230805,941.1808434388548,484.63005582986807
GSM1692394,1850.181794231702,1563.66100933499,891.5494747651665,961.4212543773992,624.9682254378422
GSM1692395,1754.7499767679174,1491.0854360002195,903.0972339109184,930.4477811035712,537.1260105741694
GSM1692396,1729.9296986098298,1496.5933260844467,913.1934837371218,802.0498945059253,641.198032036692
GSM1692397,1703.61880727482,1512.1493401155876,849.9627507573323,786.2756876766334,658.3812302296055
GSM1692398,1751.7952959458353,1601.532837933105,855.0709159744838,925.8113280943344,618.5537961147247
GSM1692399,1764.4711211182666,1574.07261682453,831.8854329836104,1021.220231224801,566.9363897772255
GSM1692400,1685.905378589503,1634.7989056930785,754.9509257708969,893.5802234500452,534.0550507755197
GSM1692402,1659.5801316823672,1621.5339519004792,679.1441094916136,884.205900395903,554.5184913981739
GSM1692404,1769.8944180368217,1693.546162497808,879.9295300997874,929.1051345517716,518.7952944986919
GSM1692405,1806.2845290689995,1600.83853167876,901.5223836958976,941.8484592449012,582.0544184255914
GSM1692406,1786.2880312793795,1718.4505822981337,899.0245006173946,876.78169777932,497.1791366224379
GSM1692407,1764.511236178324,1646.719625581556,832.5428163019515,827.42699352197,592.150669851123
GSM1692408,1764.0397559258,1564.4813958601326,969.7206912387046,828.529129153425,699.2660390140081
GSM1692409,1846.0857771632227,1593.9645435199482,893.9004694006981,1020.5893964686184,500.2134253334898
GSM1692410,1783.5736146216668,1505.6351589021851,986.1490512836964,991.0178500381144,473.5441282999709
GSM1692411,1718.7706231413977,1658.3748413678322,893.7821479205004,770.4216624334276,547.7150557745517
GSM1692412,1828.339223149571,1505.0235725011337,936.8888742689252,1037.687532978126,459.2796807925333
GSM1692413,1683.6534097076055,1733.264446141774,689.6147173102818,846.9148981605877,455.9237674327651
GSM1692414,1698.5827638579522,1482.1069459167857,957.0956651556962,793.6705141433295,656.1307439189723
GSM1692415,1720.966779632986,1531.3339375694377,895.7364884766521,808.0509392294352,669.1010825332678
GSM1692416,1746.6638586320787,1517.8017778808917,996.7090112261668,863.137341022556,716.4894109176084
GSM1692417,1762.6314855339942,1614.370380317795,875.2576997180622,854.2878902954462,618.7546029663908
GSM1692418,1748.086587108016,1660.8926051838134,854.8223456433916,835.5008240402303,535.0266883297681
GSM1692419,1666.799276024859,1499.350160780631,764.6933832620834,694.3554789739246,693.4853798490949
GSM1692420,1762.6469081710684,1599.6354770050905,828.267436038619,956.0473876972446,407.1735257246928
GSM1692421,1755.3840476327523,1617.6426160389449,916.6241175001732,828.1551191994822,669.8596370190426
GSM1692422,1779.464378706437,1575.3152998818514,911.1206751407044,819.7391175298962,651.6249645961343
GSM1692423,1790.825237107846,1677.8887993941098,837.4021134201466,919.975856531013,650.2441444376191
GSM1692424,1812.8248030165169,1599.5279695409629,858.3370015982173,927.8282038551696,570.2017272793764
GSM1692425,1734.5050240399178,1560.7830951567212,888.6237218914275,912.6918760018724,438.8547898244296
GSM1692426,1724.7525513185874,1549.960564341517,840.8365788481497,1006.1649604872508,554.2865335708375
GSM1692427,1771.2526884055733,1545.6607290742704,935.0189235332429,1004.3592851373988,388.0383457198741
GSM1692428,1728.0438674646057,1533.6805682723652,971.374874718148,817.8181482839191,647.9950962163957
GSM1692429,1782.9003400352476,1530.561253490907,936.7088406275452,902.6745773042184,570.5992974721939
GSM1692430,1726.39089906569,1551.7105645350466,878.355804678733,816.4898656989471,789.5624637414676
GSM1692431,1778.9196877126824,1605.523533116826,862.1363580888428,883.6321057048672,670.9364293159333
GSM1692432,1697.2910083684474,1623.085236557058,784.3023960412493,807.6214959445724,571.4106025088049
GSM1692433,1693.5925963277125,1530.9493832507887,814.0604843945193,811.9372093241927,515.9240234638619
GSM1692434,1714.3989586149592,1596.1177546511117,774.0962811484142,900.4104362805883,541.7181978987383
GSM1692435,1769.8256076689686,1583.1025113316446,813.8309060875472,904.572096006561,621.3118201107682
GSM1692436,1771.086108660328,1597.829773907316,930.4215928471294,828.8905631068865,522.2324792683557
GSM1692437,1736.2957699081526,1616.980471399047,803.5045016732074,953.1973120291186,394.209297648139
GSM1692438,1751.3133495717902,1564.17536376079,900.2352492192349,911.4519071722924,496.35022578840926
GSM1692439,1740.20860981676,1637.6016740837804,736.6570219242449,891.7821532829257,645.0099254245151
GSM1692440,1768.9323276676732,1585.4507487335825,869.1105380178424,933.564206144676,567.0565265696232
GSM1692441,1809.0097034274456,1562.0027117770803,897.7305156453376,859.8885612878985,666.7253322459865
GSM1692442,1715.9169733529316,1573.2306409531093,858.8885128170668,802.5668988770512,661.5815587612651
GSM1692443,1674.4472132764697,1566.9297303342655,986.6643814003846,935.1525860976336,525.0856132712543
GSM1692444,1743.5562900120376,1660.1127660012298,803.6739460126764,920.7189387695915,623.7880546810957
GSM1692445,1749.1401591680242,1545.9260887329538,999.6141578937232,823.9855302088181,634.3660803737866
GSM1692446,1922.5480859376669,1519.9180607665749,1081.1786159783596,1007.419577564644,459.5378827989116
GSM1692447,1691.549750000414,1684.7859007365996,736.8384800726672,908.3508644493722,616.615353357196
GSM1692448,1821.3709931412127,1613.5065964843498,865.1430644330039,986.1708389907526,397.71382218221606
GSM1692449,1751.0667083136168,1453.2167891792833,979.8066738210118,811.3334368797523,780.2608859538468
GSM1692450,1672.8636939928049,1721.0469195046262,771.3816325223725,925.9641392906752,512.9979838662302
GSM1692451,1733.5463891309046,1656.2506729843071,823.6043151032063,910.6637426394128,600.7656807882113
GSM1692452,1786.2869396292326,1515.114390126987,981.5554756584596,875.0739813724931,619.6982997994073
GSM1692453,1919.3230765566025,1479.2607983571352,971.2101677978708,1036.7401155402076,374.7717601427767
GSM1692454,1858.966411740509,1668.7971130137748,926.6654020670894,986.0009019883493,607.3931788100808
GSM1692455,1742.3319595951016,1616.201851287613,895.6642270103639,863.4985449895848,573.0730856748014
GSM1692456,1716.470837355526,1628.1310082910795,781.2478883156864,1007.6804331864032,420.36033491520175
GSM1692457,1721.7626862174811,1576.791658878922,857.8842171689321,942.4233995149108,573.5559175956732
GSM1692458,1821.9650343273436,1603.731781971298,845.1646988502562,1096.0096293398483,419.4895045224848
GSM1692459,1814.6835631153824,1534.123203860563,894.1626685759175,919.9615381567282,586.9782259659487
GSM1692460,1768.5014136888185,1688.953978488532,860.2999934574245,929.0924177190972,555.133952384741
GSM1692461,1723.4274885806508,1557.127919396772,1003.484222961606,829.8252622514001,873.6852157744315
GSM1692462,1743.0771590439044,1539.8310299446148,927.347624467795,841.4854357636996,589.8858385247377
GSM1692463,1741.7596132065428,1581.4788096827488,790.9533218446468,911.7690809742973,599.2115004846228
GSM1692465,1791.7493103890492,1506.477633401204,967.3832571962912,936.3530774201564,509.7588245478519
GSM1692466,1698.6663317506643,1553.3855237090374,861.4625616991962,782.9964714458329,537.8055211823657
GSM1692467,1780.085524756837,1421.6789411592108,946.575700156416,833.4197340740293,656.5911767339221
GSM1692468,1668.9040105489794,1549.0062302148808,774.8997976991841,770.6879279445066,627.9847047132516
GSM1692469,1702.0958643115027,1542.10718074762,776.99272883298,782.8066911760998,552.6777118777136
GSM1692470,1674.9953433771009,1503.640673707945,819.1395981222522,803.6735908897153,580.6800896625073
GSM1692471,1695.5527654438156,1390.1238133935367,1019.3350451598272,741.9040298131204,846.83763220525
GSM1692472,1779.9826052083365,1617.0027421889008,981.9833344363332,834.4992383533909,700.9715402915399
GSM1692473,1755.6691907326522,1534.933182039771,912.4108604418652,896.1273317586438,413.230251910275
GSM1692474,1749.6314462399068,1500.3519791746994,923.9003213449588,815.1978157185458,569.7091328994393
GSM1692475,1771.613495277451,1656.4133102145845,829.8721317150048,903.740188181102,508.344765373653
GSM1692476,1779.8051991331413,1576.1632570611118,868.395389512988,990.96852891887,446.7417739151561
GSM1692477,1824.7288279408715,1506.916519786887,1062.8806162687715,903.2416414332974,908.9688277003634
GSM1692478,1862.7243037639616,1420.3126339386563,989.8982990270906,1019.463595480478,501.1318082490079
GSM1692479,1758.0421161197692,1601.5264019960196,884.6283135928434,912.3726220962836,469.1687357396504
GSM1692480,1731.292596672376,1685.9493672609017,734.1125575553742,898.6467085091717,708.6068922161821
GSM1692481,1827.5167756330477,1631.1356987627714,1001.6689451308376,897.6986311356495,675.171995601394
GSM1692482,1754.5691345991254,1631.1604584370662,855.094015018859,951.796618797981,577.3648100756163
GSM1692483,1703.1244710061255,1592.9904017390036,899.1869922642645,891.901919157378,541.1665939973891
GSM1692484,1865.551982648168,1461.9292938734989,985.9632042110616,986.3256337868152,620.9477127451382
GSM1692485,1730.803150357824,1531.6500302070872,891.4848316948182,866.0084444859194,597.4812266743393
GSM1692487,1736.7637238798834,1620.402702944495,782.5604803616679,908.6661165161822,627.5334866122148
GSM1692488,1778.2750424772066,1574.9271301301314,967.0704879261856,939.0922849129493,546.4570609837974
GSM1692489,1691.3381396852565,1562.524495440863,770.6933723200827,909.4620522837467,493.3927503114173
GSM1692490,1571.840158237672,1572.3729535986504,559.1422507301368,899.0293045374874,460.7935607689351
GSM1692491,1726.57185980933,1663.174743477556,848.0129478679855,885.0290537877663,458.8856627425748
GSM1692492,1733.2696443987315,1562.7919975577515,863.3304962005604,805.2243119569903,614.2265225700758
GSM1692493,1777.393826637565,1589.0939578680363,968.6128505000106,832.8924675056214,744.9453465762126
GSM1692494,1741.9887367347392,1624.2290698543338,822.6026609166802,844.0635014374193,656.591924427652
GSM1692495,1735.5650035495364,1469.7514093006084,926.9504507315104,1044.934597752325,288.67722750141183
GSM1692496,1733.3508909141938,1557.8056714503873,825.0703036453451,791.2037131044126,622.8821840662495
GSM1692497,1779.0984101783006,1620.020161843241,867.4100363877797,830.5379373280157,574.7435838644496
GSM1692498,1750.8349255097328,1580.768404058781,878.6035593675924,902.5985296323906,498.77341000342767
GSM1692499,1757.184049203811,1507.0444996540457,914.2714873519816,859.658490646405,679.0545589472458
GSM1692501,1777.85963899714,1634.5634875551086,895.9327276812419,892.6465277033058,631.7480202143088
GSM1692502,1768.2664290162866,1597.046606666334,889.222842637153,934.3082722718664,628.1355806820529
GSM1692503,1706.0519208440855,1687.773894067389,907.6126101446216,867.921308851759,512.8086133833303
GSM1692504,1756.9356973562951,1556.2595631976328,947.3575415068262,843.267166977279,519.6908021196841
